"B1_C1","B1_C2","B1_C3","B2_C1","B2_C2","B2_C3","B3_C1","B3_C2","B3_C3","B4_C1","B4_C2","B4_C3","B5_C1","B5_C2","B5_C3","B6_C1","B6_C2","B6_C3","B7_C1","B7_C2","B7_C3","B8_C1","B8_C2","B8_C3","B9_C1","B9_C2","B9_C3"
0,0,1,0,0,0,0,1,1,0,1,1,1,1,0,0,1,1,1,0,0,1,0,1,1,0,0
0,0,1,0,0,0,1,1,1,0,1,1,0,1,1,1,1,1,1,1,0,1,1,1,0,0,1
0,1,1,0,0,0,0,1,1,0,1,1,1,1,0,1,1,1,0,1,1,1,0,1,0,0,1
1,0,0,0,1,1,0,0,1,1,1,1,1,1,0,0,0,1,0,0,0,0,0,1,1,1,1
0,0,0,0,1,1,0,0,1,0,0,0,1,1,1,0,0,1,0,0,1,1,0,1,0,0,1
0,1,1,0,0,0,0,1,1,0,0,0,0,1,1,1,1,0,1,1,1,1,1,1,0,0,1
1,1,1,1,1,0,0,0,0,0,1,1,1,0,0,0,0,1,0,1,1,1,0,0,0,0,1
0,0,0,0,0,1,0,0,0,1,1,0,1,1,1,0,1,1,1,0,0,0,1,1,1,0,0
0,1,1,0,0,0,1,1,1,0,1,1,0,0,1,1,1,0,1,1,1,1,0,1,1,0,0
0,1,1,0,0,0,1,1,0,0,0,0,0,0,1,0,1,1,1,1,1,1,1,1,0,0,0
1,1,1,1,1,0,0,1,1,0,1,1,1,0,0,0,1,1,1,1,1,1,0,1,0,0,1
1,1,1,0,0,0,0,0,1,0,1,1,0,0,0,1,1,1,1,1,1,1,0,1,0,0,1
0,1,1,0,0,0,1,1,0,1,0,0,0,1,1,1,1,1,1,1,0,1,1,1,1,0,0
0,0,1,0,0,0,0,1,0,0,0,0,0,1,1,1,1,1,1,1,1,1,0,1,0,0,0
0,0,1,0,0,0,1,1,0,0,0,0,0,1,1,1,1,1,1,1,0,1,1,1,1,0,0
0,0,0,0,0,0,0,1,1,0,0,0,1,1,1,0,1,1,1,1,1,1,0,0,0,1,1
1,1,1,0,0,0,0,1,0,0,0,1,0,0,0,0,1,1,0,1,1,1,0,1,1,0,0
1,1,1,0,1,0,0,1,1,0,1,1,1,1,1,0,0,1,0,0,1,1,0,0,0,0,1
1,1,1,1,1,0,0,1,1,0,1,1,0,0,0,1,0,0,1,1,1,1,0,1,0,0,1
0,1,1,0,0,0,0,1,1,0,1,0,1,1,1,0,1,1,1,1,0,1,1,1,1,0,1
0,0,1,0,0,1,0,0,0,1,1,1,1,1,0,0,0,1,1,0,0,0,0,1,1,1,1
0,0,1,0,0,1,1,1,0,1,1,0,0,1,1,1,1,1,1,1,0,1,1,1,1,0,0
1,1,1,0,1,0,1,1,1,0,1,1,0,1,1,0,0,0,0,0,1,0,0,0,0,0,1
0,1,1,0,0,0,0,1,1,0,1,0,1,1,0,1,1,1,1,1,0,1,0,1,1,0,0
0,0,1,0,0,0,1,1,0,1,1,0,0,1,1,1,1,1,1,1,1,1,1,1,1,0,0
0,0,0,0,0,0,1,0,0,1,0,0,1,1,1,0,0,1,1,1,0,0,0,1,1,1,1
1,1,1,1,0,0,0,1,1,0,0,0,0,1,1,1,1,1,0,1,1,1,0,0,0,0,1
0,0,1,0,0,1,0,1,1,0,1,1,1,1,1,1,1,1,1,1,1,1,0,1,1,0,1
1,1,1,0,0,0,0,1,1,0,0,0,1,1,1,0,0,0,1,1,1,1,0,1,1,0,0
0,1,1,0,0,0,0,1,1,0,0,1,1,1,1,1,1,1,1,1,1,1,0,1,0,0,1
1,0,0,0,0,1,0,0,0,1,1,0,1,1,1,0,0,1,1,0,0,0,0,1,1,1,1
0,0,1,0,0,0,1,1,0,0,1,0,0,1,1,0,1,1,1,1,0,0,0,1,1,0,0
1,1,0,0,0,1,0,0,0,0,1,1,1,1,0,0,1,1,0,0,0,0,0,1,1,1,1
0,1,1,0,0,0,0,1,0,1,0,0,1,1,1,1,1,1,1,1,0,1,1,1,1,0,0
1,1,1,1,0,0,0,1,1,0,0,1,0,0,1,1,1,0,1,1,1,1,1,0,0,0,1
0,1,1,1,0,0,0,1,1,0,0,1,0,1,1,1,1,0,1,1,1,1,1,0,0,0,0
0,0,1,0,0,0,1,1,1,1,0,0,0,0,1,1,1,1,1,1,0,1,1,1,0,0,0
1,0,0,0,0,1,0,1,1,1,1,0,1,0,0,0,1,1,1,0,0,0,0,1,1,1,0
0,0,0,0,0,1,1,0,0,1,1,0,1,1,1,0,1,1,1,1,0,0,1,1,1,1,0
0,0,1,0,1,1,1,1,0,1,1,1,0,0,0,1,0,0,0,0,1,0,0,1,0,0,1
0,0,0,1,0,0,0,0,1,1,1,1,1,1,1,1,1,1,1,1,0,0,0,1,0,0,1
0,1,1,0,0,0,0,1,1,0,1,1,0,1,1,1,1,0,1,1,1,1,0,1,0,0,1
1,1,1,0,0,1,0,0,0,1,1,0,1,1,1,0,0,1,1,0,0,0,0,1,1,1,1
0,0,0,0,1,1,0,0,0,1,1,1,1,1,0,0,1,1,0,0,0,0,0,1,1,1,1
1,0,0,0,0,1,1,1,0,1,1,0,1,1,1,0,1,1,1,1,0,0,1,1,1,1,1
1,1,1,0,0,0,0,1,1,1,1,1,1,1,1,1,1,1,1,1,0,1,1,1,1,0,1
1,1,1,1,1,0,0,1,1,0,0,1,0,0,0,1,0,0,0,1,1,1,0,0,0,0,1
0,1,1,1,0,0,0,1,1,0,0,1,1,1,0,1,0,0,1,1,1,0,0,0,0,0,1
1,1,0,0,0,0,0,1,0,1,1,1,1,1,1,0,1,1,1,1,0,1,1,1,1,0,1
0,0,0,0,0,1,0,0,0,1,1,1,1,1,0,0,1,1,0,0,0,0,0,1,1,1,1
1,1,1,0,0,0,0,0,0,0,1,1,1,1,1,1,1,1,0,0,1,1,0,1,1,1,1
0,1,1,1,0,0,0,1,1,0,1,1,0,0,1,1,1,0,0,0,1,1,0,0,1,0,0
0,0,1,0,0,1,1,1,0,1,1,0,1,0,0,0,1,1,1,1,0,0,0,1,1,0,0
0,0,1,0,0,0,1,1,0,0,0,0,0,0,1,1,0,0,1,1,0,1,1,1,1,0,0
0,0,1,0,0,0,1,1,0,1,1,0,0,1,1,1,1,1,1,1,0,1,1,1,1,0,0
1,1,1,1,1,0,0,1,1,0,0,1,1,0,0,0,0,0,0,0,1,1,0,0,0,0,1
0,0,1,1,0,0,1,1,1,0,0,0,1,1,1,1,1,0,1,1,1,1,1,1,0,0,0
0,0,1,0,0,0,0,1,0,1,1,0,0,1,1,1,1,0,1,1,1,1,0,1,1,0,0
1,1,1,0,1,1,0,0,0,1,1,1,1,1,0,0,1,1,0,0,0,0,0,1,1,1,1
1,1,1,1,0,0,0,1,1,0,1,1,1,1,1,0,1,1,0,0,1,1,0,0,0,0,1
1,1,1,1,1,0,0,1,1,0,1,1,1,0,0,1,0,0,0,0,1,1,0,0,0,0,1
0,0,0,0,0,0,1,0,0,0,1,1,1,1,1,0,1,1,1,1,0,1,0,1,0,0,1
1,1,0,1,1,0,0,1,1,0,1,1,1,0,0,0,0,0,0,0,1,0,0,1,0,1,1
0,0,1,0,0,1,1,1,0,1,0,0,1,1,1,1,1,1,1,1,0,1,1,1,1,0,0
0,1,1,0,0,0,0,1,1,0,0,0,1,1,1,1,1,1,1,1,1,1,0,1,1,0,0
1,1,1,1,0,0,0,1,1,0,0,1,0,0,1,1,0,0,1,1,1,1,0,0,0,0,1
1,1,1,0,0,1,1,1,0,0,0,0,1,1,1,1,1,1,1,1,1,1,1,1,1,0,0
1,1,1,1,0,0,0,1,1,0,1,1,0,0,1,1,0,0,0,1,1,1,0,0,0,0,1
0,0,1,0,0,1,0,1,0,1,1,0,0,1,1,0,1,1,1,1,0,1,0,1,1,1,0
1,1,1,1,1,0,0,1,1,0,1,1,0,0,0,0,0,1,0,1,1,1,0,0,0,0,1
1,1,0,1,1,1,0,0,1,0,0,1,1,0,0,0,0,0,0,0,1,0,0,0,0,1,1
0,1,1,0,0,0,0,1,1,0,0,0,0,1,1,1,1,0,1,1,1,1,0,0,0,0,0
0,0,1,0,0,0,1,1,0,0,0,0,1,1,1,0,1,1,1,1,1,0,0,1,1,0,0
1,1,0,1,0,0,0,1,1,0,1,1,1,1,0,1,0,0,0,1,1,0,0,1,0,0,1
0,1,1,0,1,1,0,1,0,0,1,1,1,1,0,0,0,1,0,0,0,0,0,1,1,1,1
0,1,1,0,0,0,0,1,1,0,0,0,0,0,0,0,0,1,1,1,1,1,1,0,0,0,1
1,0,0,1,1,1,0,1,1,0,1,1,1,0,0,0,0,1,0,0,1,1,0,0,0,0,1
0,0,1,0,0,0,1,1,0,1,0,0,1,1,1,1,1,1,1,1,0,1,1,1,1,0,0
1,1,0,0,0,0,0,0,1,0,1,1,1,1,0,0,0,1,0,0,1,0,0,0,0,1,1
0,1,1,0,0,0,0,1,0,0,1,1,1,1,1,1,1,1,1,1,1,0,0,1,1,0,1
1,0,0,0,1,1,0,0,0,1,1,1,1,1,0,0,0,1,1,0,0,0,0,1,1,1,1
1,1,1,0,0,0,0,1,1,0,1,1,1,1,0,1,1,1,1,0,1,1,0,1,1,0,1
1,1,1,1,0,0,0,1,1,0,0,0,0,0,0,1,1,0,0,1,1,1,0,0,0,0,1
1,1,1,0,0,0,0,1,1,1,1,0,1,1,0,1,1,0,1,1,1,1,0,1,0,0,1
1,1,1,1,1,0,0,1,1,0,1,1,0,0,1,1,0,0,0,0,1,1,0,0,0,0,1
1,1,0,1,1,0,0,1,1,0,1,1,1,1,0,1,0,0,0,1,1,1,0,0,0,0,1
0,0,1,0,0,1,1,1,0,1,1,0,0,1,1,1,1,1,1,1,0,0,0,1,1,0,0
1,1,1,1,1,1,0,1,1,0,0,0,0,0,1,1,1,0,0,1,1,1,0,0,0,0,1
1,1,0,1,1,1,0,1,1,0,1,1,1,0,0,0,0,1,0,1,1,0,0,0,0,1,1
1,1,1,0,0,0,0,1,1,0,0,0,1,1,0,0,1,1,1,1,1,1,0,1,1,1,1
1,1,1,0,0,0,0,1,1,0,1,1,1,1,0,1,1,1,0,1,1,0,0,1,0,0,1
1,1,1,0,1,1,0,1,1,0,1,1,1,1,0,0,0,0,0,0,1,1,0,0,0,1,1
0,0,1,0,0,0,0,0,0,1,1,0,1,1,1,1,1,1,1,1,1,1,0,1,1,0,0
1,0,0,0,0,1,0,1,0,1,1,1,1,0,0,0,1,1,1,0,1,0,0,1,1,1,1
0,0,1,0,0,1,1,1,0,1,0,0,1,1,1,0,1,1,1,1,0,1,1,1,1,0,0
0,0,1,0,0,0,1,1,0,1,1,0,0,1,1,1,1,1,1,1,0,1,1,1,1,1,1
0,1,1,1,0,0,0,1,1,0,0,0,0,0,1,1,1,0,1,1,1,1,1,0,0,0,0
0,0,0,0,0,1,0,0,0,1,1,1,1,1,1,0,0,1,1,0,0,0,0,1,1,1,1
0,0,1,0,0,1,0,1,0,1,1,0,1,1,1,0,1,1,1,0,0,1,0,1,1,0,0
0,1,1,0,0,0,1,1,1,0,0,0,0,1,1,1,1,1,1,1,1,1,1,1,0,0,0
0,0,1,0,0,0,1,1,0,1,0,0,1,1,1,1,1,1,1,1,0,1,1,1,1,0,0
1,1,1,0,1,1,0,0,1,0,1,1,1,0,0,0,0,1,0,0,1,0,0,1,0,1,1
1,0,0,0,1,1,0,1,1,0,1,1,1,1,0,0,0,1,1,1,1,0,0,1,1,1,1
0,1,1,0,0,0,1,1,0,0,0,0,1,1,1,1,1,1,1,1,0,1,1,1,0,0,1
1,0,0,0,1,1,0,0,0,1,1,1,1,1,0,0,1,1,0,0,0,0,0,1,1,1,1
1,1,1,0,0,0,0,1,1,1,1,1,1,0,0,0,0,0,0,0,1,0,0,0,0,0,1
0,0,0,1,1,1,0,0,1,1,1,1,1,0,0,0,0,1,0,1,1,0,0,1,0,0,1
1,1,0,0,1,1,0,1,1,0,1,1,1,1,0,0,0,1,1,1,1,0,0,1,1,1,1
1,1,1,1,1,0,0,1,1,0,0,1,1,0,0,1,0,0,0,1,1,1,0,0,0,0,1
1,1,0,0,0,0,0,1,1,0,1,1,1,1,1,0,1,1,1,0,0,0,0,1,1,0,1
0,0,1,0,0,0,0,0,0,1,0,0,0,1,1,1,1,1,1,1,0,0,1,1,1,0,0
1,1,1,1,1,0,0,1,1,0,0,1,0,1,1,1,1,0,1,1,1,1,0,0,0,0,1
0,0,0,0,0,1,0,0,0,1,1,0,1,1,1,0,0,1,1,0,0,0,1,1,1,1,0
1,1,0,0,1,1,0,1,1,0,1,1,0,0,0,0,0,1,0,0,1,0,0,1,1,1,1
1,1,1,0,0,0,0,1,1,0,1,1,1,1,1,0,1,1,0,1,1,1,0,0,0,0,1
0,1,1,1,0,0,1,1,1,0,0,1,0,0,1,1,1,1,1,1,1,1,0,0,0,0,1
0,0,1,0,0,1,1,1,0,1,1,0,1,1,1,1,1,1,1,1,0,1,1,1,1,0,0
1,0,0,0,0,0,0,0,0,1,1,1,1,1,0,1,1,1,1,0,0,1,0,1,1,1,1
1,1,0,0,1,1,0,1,1,0,1,1,1,1,1,0,0,1,0,0,0,0,0,1,0,0,1
1,1,1,1,1,0,0,1,1,0,0,1,0,0,1,1,0,0,0,1,1,1,0,0,0,0,1
1,1,0,1,1,0,0,1,1,0,1,1,1,0,0,0,0,0,0,1,1,0,0,0,0,1,1
0,0,1,0,0,1,0,0,0,1,0,0,1,1,1,0,0,1,1,1,0,0,1,1,1,1,1
1,1,0,0,0,0,0,1,0,1,1,0,1,1,0,0,1,1,1,1,0,1,1,1,1,0,0
1,1,0,0,0,1,0,1,1,0,1,1,1,1,0,0,1,1,0,0,1,0,0,1,0,1,1
1,1,0,1,1,0,0,1,1,0,1,1,1,0,0,0,0,1,0,0,1,0,0,0,0,0,1
1,1,1,0,0,1,0,0,1,1,1,0,1,1,0,0,0,0,0,0,1,0,0,1,0,1,1
0,0,1,0,1,1,1,1,0,0,1,1,0,1,1,1,1,0,0,0,0,1,1,1,1,0,0
1,1,1,1,0,0,1,1,1,0,0,0,0,0,0,1,1,0,0,1,1,1,1,0,0,0,0
0,0,1,0,0,1,0,1,0,1,1,0,1,1,0,1,1,1,1,1,0,0,0,1,1,0,0
0,0,1,0,0,0,1,1,0,0,0,0,1,1,1,1,1,1,1,1,0,1,0,1,1,0,0
0,1,1,1,0,0,1,1,0,0,0,0,0,0,1,1,1,1,1,1,1,1,1,1,0,0,0
0,1,1,1,0,0,0,1,1,0,0,0,0,0,1,1,1,0,0,1,1,1,0,1,0,0,1
1,1,0,0,1,0,0,1,1,0,1,1,1,0,0,0,0,0,0,0,1,0,0,1,0,1,1
0,1,1,0,0,0,0,1,1,0,0,0,1,1,1,1,1,1,1,1,1,1,0,0,0,0,1
1,1,1,0,0,0,0,1,1,1,1,1,1,1,0,0,0,0,0,0,1,0,0,1,0,1,1
1,0,0,0,1,1,0,0,0,1,1,1,1,1,0,0,0,1,0,0,0,0,0,1,1,1,1
0,1,1,0,0,1,1,1,0,1,1,0,0,1,1,0,1,1,1,1,0,0,0,1,1,1,1
1,1,0,0,0,0,0,1,1,0,1,1,1,0,0,0,0,1,0,1,1,0,0,1,0,1,1
0,1,1,0,0,0,1,1,1,0,0,0,0,0,1,1,1,0,1,1,1,1,1,1,1,0,0
0,0,1,0,0,0,0,1,1,0,0,0,1,1,1,1,1,1,1,1,1,1,1,1,1,1,0
0,0,0,0,0,0,1,0,0,1,1,0,1,1,1,1,1,1,1,1,0,0,1,1,1,0,0
0,1,1,0,0,0,1,1,0,0,0,1,0,0,1,1,1,1,1,1,1,1,1,1,0,0,1
0,1,1,0,0,1,0,1,0,1,1,1,1,1,1,0,1,1,0,0,0,0,0,1,1,1,1
0,1,1,0,0,1,1,1,0,1,0,0,0,1,1,1,1,1,1,1,0,1,1,1,1,1,0
0,1,1,0,1,1,0,1,1,0,1,1,0,0,1,1,1,1,1,1,1,1,0,1,0,0,1
1,1,1,1,1,0,0,0,0,0,1,1,1,1,0,1,0,0,0,0,1,0,0,0,0,1,1
1,1,1,0,0,0,0,1,1,0,0,0,1,1,1,1,0,0,1,1,1,1,0,1,0,0,1
0,1,1,0,1,1,0,1,1,0,1,1,1,0,0,0,0,0,0,1,1,1,0,0,0,0,1
0,1,1,0,0,0,0,1,1,1,1,1,1,1,1,0,1,1,1,0,0,1,1,1,1,0,1
1,0,0,0,1,1,0,0,0,0,1,1,1,1,0,0,0,1,0,0,1,0,0,1,0,1,1
1,1,0,0,0,0,0,1,1,0,0,1,1,1,1,0,1,1,0,0,0,0,0,1,1,0,0
1,1,1,1,1,0,0,1,1,0,0,1,0,0,0,1,1,0,0,1,1,1,0,0,0,0,1
1,1,1,1,1,1,0,1,1,0,1,1,1,0,0,0,0,1,0,0,1,1,0,0,0,0,1
0,1,1,1,0,0,1,1,0,1,0,0,0,1,1,1,1,0,1,1,0,1,1,1,1,0,0
1,1,1,0,1,1,0,1,1,0,1,1,1,1,0,0,0,0,0,0,0,0,0,1,0,0,1
0,0,0,0,0,1,1,1,0,1,1,0,1,1,1,1,1,1,1,1,0,1,1,1,1,0,1
1,0,0,0,0,0,0,0,1,0,1,1,1,1,1,0,1,1,0,0,0,0,0,1,1,1,1
0,0,0,0,0,0,0,0,0,1,1,1,1,1,1,0,0,1,0,0,0,0,0,1,1,1,1
1,1,0,0,1,1,0,0,0,1,1,1,1,1,0,0,0,0,0,0,0,0,0,1,0,1,1
1,1,0,0,1,1,0,1,1,0,1,1,0,0,0,1,1,1,0,0,0,1,0,0,1,0,0
1,1,1,0,0,0,0,1,1,1,1,0,0,1,1,1,1,1,1,1,1,1,0,1,0,0,0
0,0,1,0,0,0,0,1,0,1,1,0,1,1,1,1,1,1,1,0,0,1,1,1,1,0,0
0,0,0,0,0,1,0,1,0,1,1,0,1,1,0,0,1,1,1,0,0,0,0,1,1,1,1
0,1,1,1,0,0,0,1,1,0,1,1,1,0,0,0,0,1,0,1,1,0,0,1,0,1,1
0,0,1,0,0,1,1,1,0,0,1,1,1,1,1,1,0,0,1,1,0,0,0,1,1,1,1
0,1,1,0,0,0,1,1,1,0,0,1,0,0,1,1,1,1,1,1,1,1,0,1,0,0,1
1,1,1,1,0,0,0,1,1,0,0,1,0,0,1,1,0,0,0,1,1,1,0,0,0,0,1
1,1,1,0,0,0,0,1,1,0,0,0,0,1,1,1,1,1,1,1,0,1,1,0,0,0,1
0,1,1,0,0,0,0,1,0,1,1,0,1,0,0,0,1,1,1,1,1,1,0,1,0,0,1
0,1,1,1,1,0,0,1,1,0,0,0,1,0,0,1,1,1,0,0,1,1,0,0,0,0,1
1,1,0,0,1,1,0,0,1,0,1,1,0,0,0,0,0,0,0,0,1,0,0,0,1,1,1
1,1,0,1,1,1,0,0,1,0,1,1,1,0,0,0,0,0,0,0,1,0,0,0,0,1,1
0,0,1,0,0,1,0,0,0,0,0,0,1,1,1,0,0,1,1,0,0,0,0,1,1,1,1
0,1,1,1,1,0,0,1,1,0,1,1,1,0,0,1,1,1,0,1,1,1,0,0,0,0,1
1,1,1,0,0,1,0,0,1,1,1,1,1,1,0,0,0,1,0,0,0,0,0,1,1,1,1
0,1,1,0,0,0,0,1,1,0,1,1,1,1,0,1,0,0,1,1,1,1,1,1,0,0,1
0,1,1,1,0,0,0,1,1,0,0,1,0,0,1,1,1,0,0,1,1,1,0,0,0,0,1
1,1,0,0,0,0,0,1,1,0,1,1,1,0,0,0,0,1,0,0,1,0,0,1,0,1,1
0,1,1,0,0,0,0,1,1,0,0,0,1,1,0,1,1,1,1,1,1,1,0,1,0,0,0
0,1,1,0,0,0,1,1,1,0,0,0,0,0,1,1,1,1,1,1,1,1,1,1,0,0,0
1,1,1,1,0,0,0,1,1,0,0,1,0,0,0,1,0,0,1,1,1,1,0,0,0,0,1
0,1,1,0,0,0,1,1,0,1,1,0,1,1,1,1,1,1,1,1,0,1,1,1,1,0,0
0,0,1,0,0,0,1,1,0,0,1,0,0,0,0,0,0,1,1,1,1,0,0,1,1,0,1
1,1,0,0,1,1,0,0,0,1,1,0,1,1,0,0,0,1,0,0,0,0,0,1,1,0,1
0,0,1,0,0,0,0,0,0,1,1,1,1,1,1,0,0,1,1,0,0,0,1,1,1,0,1
0,0,1,0,0,0,1,1,0,1,0,0,0,1,1,1,1,1,1,1,0,1,1,1,1,0,0
1,1,1,0,0,0,0,1,0,1,1,0,1,1,0,0,1,1,1,0,0,0,0,1,1,0,1
0,1,1,1,0,0,0,1,1,0,0,0,0,0,1,1,0,0,1,1,1,1,0,0,0,0,1
1,1,0,0,1,1,0,0,1,0,1,1,1,1,0,0,0,1,0,0,1,0,0,1,0,1,1
0,0,1,0,0,0,1,1,1,0,0,1,0,1,1,1,1,1,1,1,1,1,1,1,1,0,0
1,0,0,0,0,1,0,0,0,1,1,1,1,1,0,0,0,1,0,0,0,0,0,1,1,1,1
1,1,1,0,1,1,1,1,1,0,1,1,1,1,1,1,1,1,0,1,1,1,1,0,0,0,0
0,0,1,0,0,0,1,1,0,0,1,1,1,1,0,1,0,1,1,1,0,1,0,1,0,0,1
0,1,1,0,0,0,1,1,1,0,0,1,0,1,1,1,1,1,1,1,1,1,1,0,1,0,0
1,0,0,0,1,1,0,1,1,0,1,1,1,0,0,0,0,1,0,0,0,0,0,1,0,1,1
0,0,0,0,0,1,0,0,0,1,1,0,1,1,0,0,0,1,1,0,0,0,0,1,1,1,1
0,0,0,0,0,0,0,1,0,0,1,1,1,1,1,1,1,1,0,0,0,0,0,1,1,1,1
1,0,0,0,0,1,0,0,0,1,1,1,1,1,0,0,0,1,0,0,0,0,0,1,1,1,1
1,1,0,1,1,1,0,1,1,0,1,1,0,0,0,1,0,0,0,1,1,0,0,0,0,0,1
1,1,1,1,0,0,0,1,1,0,0,1,1,1,1,1,0,0,0,1,1,1,0,0,0,0,1
0,1,1,0,0,0,1,1,0,0,0,0,0,1,1,0,1,1,1,1,0,1,1,1,1,0,0
0,0,1,0,0,1,0,1,1,1,1,1,1,1,1,0,0,1,1,1,0,0,0,1,1,1,1
1,1,1,1,1,0,0,1,1,0,1,1,1,0,0,1,0,0,1,1,1,1,0,1,0,0,1
1,1,1,0,0,0,0,0,0,1,1,0,0,1,1,1,1,1,1,1,0,0,0,1,1,1,0
0,1,1,0,0,0,1,1,0,0,1,1,0,1,1,1,0,0,1,1,1,1,1,1,0,0,0
0,0,1,0,0,1,1,1,0,1,1,0,1,1,1,1,1,1,1,0,0,1,1,1,1,0,0
0,0,1,0,0,0,1,1,0,1,1,0,1,1,1,0,1,1,1,0,0,0,1,1,1,0,0
0,1,1,1,1,0,0,1,1,0,0,1,1,1,0,1,1,1,0,1,1,1,0,0,0,0,1
0,0,1,0,0,0,0,1,1,0,1,0,1,1,0,1,1,0,1,0,0,1,0,1,0,0,1
0,0,1,0,1,1,0,1,1,0,1,1,1,0,0,0,0,1,0,0,1,1,0,0,0,1,1
1,1,1,1,0,0,0,1,1,0,0,1,0,0,0,1,1,0,1,1,1,1,0,0,0,0,0
0,1,1,0,0,0,0,1,1,0,1,1,0,1,1,1,0,0,1,1,1,1,0,1,0,1,1
0,0,1,0,0,0,1,1,1,0,0,0,0,0,1,1,1,1,1,1,1,1,0,1,0,0,0
0,1,1,1,0,0,1,1,0,0,0,1,0,0,0,1,0,0,1,1,1,1,0,0,0,0,0
1,1,1,0,1,1,0,0,0,0,1,1,1,1,0,0,0,1,1,1,0,0,0,1,0,0,1
1,1,1,1,0,0,0,0,0,0,1,1,1,1,1,1,0,0,0,1,1,1,0,0,0,1,1
0,1,1,0,0,0,1,1,0,0,0,0,0,0,0,1,1,1,1,1,0,1,1,1,0,0,0
1,1,1,0,1,0,0,1,1,1,1,1,1,1,0,0,1,1,1,1,1,1,0,1,0,1,1
0,0,1,0,0,0,1,1,0,1,1,0,0,1,1,1,1,1,1,1,0,1,1,1,1,0,0
1,0,0,1,1,1,0,1,1,0,1,1,1,0,0,0,0,0,0,0,0,0,0,1,0,1,1
1,1,1,1,1,0,0,1,1,0,0,1,1,0,0,1,0,0,0,1,1,1,0,0,0,0,1
1,1,1,0,0,1,0,0,0,0,1,1,1,1,1,1,1,1,1,0,0,0,0,1,1,0,1
0,0,0,0,1,1,0,0,0,1,1,0,1,1,0,1,0,1,1,0,0,0,0,1,1,1,1
0,0,0,0,0,0,1,1,0,1,1,1,1,1,1,0,1,1,1,0,0,1,1,1,1,1,0
0,1,1,0,0,1,1,1,0,0,0,0,0,1,1,1,1,1,1,0,0,1,1,1,1,0,0
1,1,1,0,1,1,0,1,1,1,1,1,1,1,0,0,1,1,0,0,0,0,0,1,0,0,1
1,1,1,0,0,1,0,1,1,1,1,1,1,0,0,0,1,1,1,1,1,1,0,1,1,0,1
0,1,1,0,0,0,0,1,1,0,0,0,1,1,0,1,1,1,1,1,0,1,1,1,1,0,0
1,1,1,0,0,0,1,1,0,0,1,1,1,1,0,1,0,0,0,0,0,0,0,1,1,0,1
1,1,1,1,1,0,0,1,1,0,0,1,1,0,0,1,1,0,0,1,1,1,0,0,0,0,1
1,1,0,0,0,0,0,0,1,1,1,1,1,1,0,0,0,1,0,0,0,0,0,1,0,1,1
0,1,1,0,0,0,0,1,0,0,0,0,1,1,1,1,1,1,1,1,0,1,1,1,1,0,1
1,0,0,0,0,1,0,0,0,0,0,0,1,1,1,1,0,0,0,0,0,0,0,1,1,0,1
1,0,0,0,1,1,0,0,0,1,1,1,1,1,0,0,0,1,0,0,0,0,0,1,1,1,1
1,1,1,0,0,0,0,1,1,1,0,0,1,1,0,0,1,1,1,1,0,1,1,1,1,0,1
0,1,1,0,1,1,0,0,0,1,1,1,1,1,0,0,1,1,1,1,1,0,0,1,0,0,1
1,0,0,0,0,0,1,1,0,0,0,0,1,1,1,0,1,1,1,0,0,1,1,1,1,0,1
1,1,1,1,1,0,0,1,1,0,0,1,0,0,0,1,0,0,0,1,1,1,0,0,0,0,1
1,0,0,0,0,1,0,0,0,1,1,1,1,1,0,0,0,1,0,0,0,0,0,1,1,1,1
0,1,1,0,0,0,1,1,1,0,0,1,0,1,1,1,1,0,1,1,1,1,1,1,0,0,0
1,1,1,0,0,0,1,1,0,0,0,1,1,1,1,1,1,1,1,1,0,1,0,1,1,0,1
0,1,1,0,0,0,1,1,1,1,0,0,0,1,1,1,1,1,1,1,0,1,1,1,1,0,0
1,0,0,0,0,0,0,1,1,0,1,1,1,0,0,1,0,0,0,0,0,1,0,1,0,0,1
1,1,1,1,0,0,0,1,1,0,0,0,0,0,1,1,1,1,1,1,1,1,0,0,0,0,1
0,0,1,0,0,1,1,1,0,1,1,0,1,1,1,1,1,1,1,1,0,0,1,1,1,0,1
0,0,1,0,0,1,0,0,0,1,1,0,1,1,1,0,1,1,1,0,0,0,0,1,1,1,1
0,0,1,0,0,1,1,1,0,1,1,0,1,1,1,0,1,1,1,0,0,0,1,1,1,1,1
0,0,0,0,0,1,1,1,0,1,1,1,1,1,0,0,1,1,1,0,0,0,0,1,1,0,0
0,0,0,0,0,1,0,1,0,0,1,0,1,1,1,0,1,1,1,1,0,0,0,1,0,0,1
0,0,1,0,0,1,0,1,1,1,1,0,1,1,0,1,1,1,1,1,0,1,0,1,1,1,1
0,1,1,1,0,0,0,1,1,0,1,1,0,0,0,1,1,0,1,1,1,1,0,1,0,1,1
0,1,1,0,0,0,1,1,1,1,0,0,0,0,1,1,1,1,1,1,0,1,1,1,1,0,0
0,0,0,0,1,1,0,1,0,1,1,1,1,1,0,0,1,1,1,1,0,0,1,1,1,0,0
0,0,1,0,0,1,1,1,0,1,1,1,1,1,1,1,1,1,1,1,0,0,1,1,1,0,0
0,1,1,0,0,0,0,1,0,1,0,0,0,1,1,1,1,1,1,1,0,1,1,1,1,0,0
1,1,0,0,0,0,0,0,0,0,0,1,1,1,0,0,1,1,1,1,0,0,0,1,1,0,1
1,1,0,0,1,0,0,0,1,0,0,1,1,1,0,0,0,0,0,0,1,0,0,0,1,1,1
1,1,1,0,0,0,0,1,1,1,1,1,1,1,1,1,1,1,1,1,1,1,1,1,1,0,0
0,0,1,0,0,0,1,1,0,1,0,0,0,1,1,1,1,1,1,1,0,1,1,1,1,0,0
1,1,1,1,1,0,0,0,1,0,1,1,1,0,0,0,0,0,0,0,1,0,0,0,0,1,1
1,1,1,0,0,1,0,1,1,0,1,1,1,1,1,1,0,0,1,1,0,1,0,0,0,0,1
0,0,0,0,0,1,1,1,0,1,1,0,1,1,1,0,0,1,1,0,0,0,1,1,1,1,1
1,1,1,1,1,0,0,1,1,0,1,1,0,0,0,1,0,0,0,1,1,1,0,1,0,1,1
0,0,0,0,0,1,1,1,0,1,1,1,1,1,1,1,1,1,1,1,0,1,0,1,1,1,1
0,0,1,0,0,0,0,1,0,1,1,0,1,1,1,1,1,1,1,1,0,0,0,1,1,1,0
1,1,1,1,1,0,0,1,1,0,0,1,0,0,0,0,0,1,0,1,1,1,0,0,0,0,1
1,1,1,0,1,1,0,0,1,0,1,1,1,1,0,0,1,1,0,0,1,0,0,1,1,1,1
0,0,0,0,0,1,1,1,0,1,0,0,0,1,1,1,1,1,1,1,0,1,1,1,1,1,1
1,1,0,0,1,1,0,1,1,0,1,1,1,1,0,0,0,1,0,0,1,1,0,1,1,1,1
1,0,0,0,1,1,1,0,0,1,1,1,1,1,1,0,1,1,1,0,0,0,0,1,1,1,1
0,0,1,0,0,1,0,1,1,1,1,1,1,1,1,0,1,1,1,1,0,1,0,1,1,0,1
1,1,0,0,1,1,0,0,0,0,1,1,1,1,1,0,0,1,0,0,0,0,0,1,0,0,1
0,0,1,0,0,0,1,1,0,1,1,0,1,1,1,1,1,0,1,1,0,1,0,1,1,1,1
1,1,1,1,1,0,0,1,1,0,0,1,0,0,1,1,1,0,0,1,1,1,0,0,0,0,1
1,1,1,0,0,0,0,1,1,0,0,1,0,0,0,0,0,1,1,1,1,1,0,0,0,0,1
1,1,0,0,0,1,0,1,1,0,1,1,1,1,1,0,0,1,1,0,0,0,0,1,1,1,1
0,0,1,0,0,0,1,1,0,0,1,0,0,1,1,1,1,1,1,1,1,1,1,0,1,0,0
0,0,0,0,0,1,1,0,0,1,1,0,1,1,1,0,1,1,1,0,0,0,1,1,1,1,1
0,1,1,1,0,0,0,1,1,0,0,1,0,0,1,1,0,0,0,1,1,1,0,0,0,0,1
1,1,0,0,0,1,0,0,0,1,1,1,1,1,0,0,0,1,1,1,0,1,0,1,1,1,1
1,1,1,0,1,1,0,1,1,0,1,1,1,1,0,1,0,0,1,1,1,1,0,0,0,0,1
0,0,1,0,1,1,1,0,0,0,1,1,1,1,0,1,1,1,0,0,0,0,0,1,1,1,1
0,0,0,0,0,1,1,1,1,0,1,0,0,0,0,0,1,1,1,0,0,0,1,1,1,1,1
1,1,0,0,1,1,0,0,0,0,1,1,0,0,1,0,0,1,1,1,0,0,0,1,1,1,1
0,0,1,0,0,0,1,1,1,0,0,0,0,0,1,1,1,1,0,1,1,1,1,1,0,0,1
0,0,0,0,0,1,1,1,0,1,1,0,1,1,1,1,1,1,1,0,0,0,0,1,1,1,1
1,1,1,1,1,0,0,1,1,0,0,1,0,0,0,1,1,1,0,1,1,1,0,0,0,0,1
0,0,1,1,0,0,0,1,0,0,1,1,1,0,0,1,1,0,1,1,1,0,0,1,0,0,1
0,1,1,0,0,0,0,1,1,0,1,1,1,1,0,0,0,1,0,0,1,0,0,1,1,1,1
1,1,1,0,0,0,0,1,1,0,0,1,1,1,1,1,0,0,0,1,1,1,0,1,0,0,1
0,0,1,0,0,1,1,1,0,1,0,0,0,1,1,1,1,1,1,1,0,1,1,1,1,0,0
0,1,1,0,1,1,0,1,0,0,1,1,1,0,0,1,1,1,1,1,0,1,1,1,0,0,1
0,0,0,0,0,1,1,0,0,1,1,0,1,1,0,1,1,1,1,0,0,0,1,1,1,1,0
1,1,1,1,1,0,0,1,1,0,0,1,0,0,1,1,0,0,1,1,1,1,0,0,0,0,1
0,0,1,0,0,1,1,1,0,1,1,0,1,1,1,1,1,1,1,1,0,1,1,1,1,1,0
1,0,0,0,0,1,0,1,0,1,1,0,1,1,0,0,0,1,1,1,0,0,1,1,1,1,0
1,1,0,0,0,1,0,1,1,0,1,1,1,1,1,1,1,1,0,0,1,0,0,1,0,0,1
0,0,1,0,0,1,0,0,0,1,1,1,1,1,0,0,1,1,1,0,0,1,1,1,1,0,1
0,0,0,0,0,1,0,0,0,0,1,1,1,1,0,0,0,1,1,0,0,0,0,1,1,1,1
0,1,1,1,0,0,0,1,1,0,0,0,0,1,1,1,1,1,1,1,1,1,1,1,0,0,1
0,0,0,0,0,1,1,1,0,0,1,1,1,1,0,1,1,1,1,0,0,1,0,1,1,0,1
1,1,1,0,0,0,0,1,1,0,1,0,1,1,1,1,1,1,1,1,1,1,0,1,0,0,1
0,0,1,0,0,1,1,1,0,1,0,0,0,1,1,1,1,1,1,1,0,1,1,1,1,0,0
1,1,1,0,0,1,0,1,1,0,1,1,1,1,0,1,0,0,0,1,1,1,0,1,0,0,1
0,1,1,1,1,0,0,1,1,0,1,1,1,0,0,1,0,0,0,1,1,1,0,0,0,0,1
0,0,1,1,0,0,0,1,1,0,0,0,0,0,1,1,1,0,1,1,1,1,0,1,0,0,1
1,1,1,0,0,0,0,0,1,1,1,1,1,1,0,1,0,1,1,1,1,0,0,1,0,0,1
0,1,1,1,0,0,0,1,1,0,0,0,0,0,0,1,1,0,1,1,1,1,0,1,1,0,0
0,1,1,1,1,0,0,1,1,0,0,1,0,0,1,1,0,1,0,1,1,1,0,0,0,0,1
0,0,1,0,0,1,1,1,0,1,1,0,1,1,0,0,1,1,1,0,0,0,0,1,1,1,1
0,1,1,0,0,0,0,1,0,0,1,1,1,1,1,0,0,0,1,1,0,1,0,1,1,1,1
1,1,0,1,1,0,0,1,1,0,1,1,0,0,0,0,0,0,0,0,1,1,0,1,0,1,1
0,0,0,0,0,0,1,1,0,1,1,0,1,1,1,1,1,1,1,1,0,0,1,1,1,1,0
1,1,1,1,1,0,0,1,1,0,1,1,1,0,0,0,0,1,0,1,1,0,0,0,0,0,1
1,1,1,0,0,0,0,1,1,0,0,1,1,1,1,0,1,1,0,1,1,0,0,1,0,0,1
1,1,1,1,1,0,0,1,1,0,1,1,1,0,0,0,0,0,0,1,1,1,0,0,0,1,1
0,1,1,0,1,1,0,1,0,0,0,0,1,1,0,0,0,1,1,0,0,0,0,1,1,1,1
0,1,1,1,0,0,1,1,0,0,0,0,0,1,1,1,1,1,1,1,1,1,1,1,0,0,0
1,1,1,1,1,0,0,1,1,0,0,1,0,0,0,1,0,0,0,1,1,1,0,0,0,0,1
0,1,1,1,0,0,1,1,1,0,0,0,0,1,1,1,0,0,1,1,1,1,0,0,0,0,1
0,0,1,0,0,0,0,1,1,1,1,1,1,1,0,1,1,1,1,0,0,1,0,1,0,0,1
0,1,1,1,0,0,1,1,1,0,0,0,0,0,1,1,1,0,1,1,1,1,1,1,0,0,0
0,1,1,0,0,0,1,1,0,0,0,0,1,1,1,1,1,1,1,1,0,1,1,1,1,0,0
0,0,1,0,0,0,1,1,0,1,1,0,0,1,1,0,1,1,1,1,0,1,1,1,1,1,1
1,1,0,1,0,0,0,1,1,0,1,1,0,0,0,1,0,0,0,1,1,1,0,1,0,0,1
1,1,0,1,1,0,0,1,1,0,0,1,1,0,0,1,0,0,0,1,1,1,0,0,0,0,1
0,1,1,1,0,0,1,1,1,0,0,0,0,0,1,1,1,0,1,1,1,1,1,0,0,0,0
1,1,1,0,0,0,0,1,1,0,1,1,1,1,0,0,0,1,1,0,0,1,0,1,0,0,1
1,1,0,1,1,1,0,0,1,0,1,1,1,0,0,0,0,1,0,0,1,0,0,0,0,1,1
1,1,1,1,1,0,0,1,1,0,0,1,1,0,0,1,0,1,1,1,1,0,0,0,0,1,1
0,1,1,1,0,0,0,1,1,0,0,0,0,0,1,1,1,1,1,1,1,1,1,0,0,0,1
0,0,0,0,0,0,0,1,1,1,1,0,1,1,1,1,1,1,1,1,0,0,0,1,1,0,0
0,1,1,1,0,0,0,1,1,0,1,1,0,1,1,1,1,1,1,1,1,1,1,1,0,0,1
1,1,0,1,0,0,0,1,1,0,1,1,1,0,0,0,0,0,0,0,1,0,0,0,0,0,1
1,1,0,0,1,1,0,0,0,0,1,1,1,1,1,0,0,1,1,0,0,1,0,0,1,1,1
0,0,0,0,0,1,1,1,0,1,1,0,1,1,0,0,1,1,1,0,0,0,1,1,1,1,0
0,0,1,0,0,0,1,1,0,0,0,0,0,1,1,1,1,1,1,1,0,1,1,1,1,0,1
0,1,1,0,0,0,1,1,0,0,0,0,0,1,1,1,1,1,1,1,0,1,1,1,0,0,0
1,0,0,0,0,1,0,0,0,1,1,1,1,1,0,0,0,1,1,0,0,0,0,1,1,1,1
1,0,0,0,1,0,0,1,0,0,0,1,0,0,0,1,0,0,1,1,0,1,0,1,0,0,1
1,1,1,0,0,1,0,0,1,0,1,1,1,0,0,0,0,1,0,0,0,0,0,1,1,1,1
1,1,1,1,0,0,0,1,1,0,1,1,1,1,0,1,0,0,0,0,1,0,0,0,0,1,1
1,1,1,0,0,1,1,1,0,1,0,0,1,1,1,0,1,1,1,0,0,1,1,1,1,0,0
0,0,1,0,0,1,1,1,0,1,1,0,1,1,1,0,1,1,1,1,0,0,1,1,1,0,0
1,1,1,1,1,1,0,1,1,0,1,1,1,1,1,1,0,0,1,1,1,1,0,0,0,1,1
1,0,0,0,1,1,0,1,0,1,1,1,1,1,0,0,1,1,0,0,0,0,0,1,1,1,1
1,1,1,0,1,1,0,1,0,0,0,0,0,0,1,1,1,1,1,1,0,1,0,1,1,1,1
0,1,1,0,0,0,0,1,1,0,1,1,0,1,1,1,0,0,0,0,1,1,0,0,0,0,1
1,0,0,0,1,1,0,1,0,0,0,0,0,1,1,1,0,1,0,0,0,1,0,1,0,0,1
0,0,1,0,0,0,0,1,1,1,0,0,0,1,1,1,1,1,1,1,1,1,1,1,1,0,0
1,0,0,0,0,1,0,0,0,1,1,1,1,1,0,0,0,1,1,0,0,0,0,1,1,1,1
1,0,0,0,0,1,0,0,0,1,1,1,1,1,0,0,1,1,1,0,0,0,0,1,1,1,1
1,0,0,0,0,1,1,0,0,1,1,0,1,1,0,0,1,1,1,0,0,0,0,1,1,1,0
0,0,1,0,0,1,0,0,0,1,1,0,1,1,1,0,1,1,1,1,0,0,1,1,1,0,1
0,0,0,0,0,0,0,1,1,0,1,1,1,1,0,1,0,1,0,0,1,0,0,1,0,0,1
0,1,1,0,0,0,0,1,1,0,0,1,1,1,1,0,0,1,0,1,1,1,0,0,0,0,1
0,1,1,0,0,0,1,1,0,0,0,0,0,1,1,1,1,1,1,1,0,1,1,1,1,0,0
0,0,1,0,1,1,1,1,0,0,0,0,1,1,1,1,1,1,1,1,0,1,1,1,1,0,0
0,1,1,0,0,0,1,1,1,0,1,1,0,0,0,0,0,1,1,1,1,1,0,0,0,0,1
1,1,1,1,1,1,0,0,1,0,1,1,1,0,0,0,0,0,0,0,1,0,0,0,0,1,1
1,1,0,0,1,1,0,0,1,1,1,1,1,1,0,0,0,1,0,0,1,0,0,1,1,1,1
1,1,1,1,1,0,0,1,1,0,1,1,1,0,0,1,0,0,0,1,1,0,0,0,0,0,1
1,0,0,0,0,1,0,0,0,1,1,1,1,1,0,0,0,1,1,1,0,0,0,1,1,1,1
0,0,1,0,0,0,1,1,1,1,1,1,0,0,1,1,1,1,1,0,0,1,1,1,1,0,0
0,1,1,0,0,0,1,1,0,1,0,0,0,1,1,1,1,0,1,1,0,1,1,1,1,0,0
1,1,1,0,0,0,0,1,1,0,0,1,0,0,1,1,1,1,1,1,1,1,0,0,0,0,1
0,0,1,0,0,0,1,1,0,1,1,1,1,1,1,1,1,1,1,0,0,0,0,1,1,1,0
1,1,1,0,0,1,1,1,0,0,1,1,0,0,0,0,1,1,1,1,1,1,1,1,1,0,1
0,0,1,0,0,0,1,0,0,1,1,0,1,1,1,0,1,1,1,0,0,0,0,1,1,1,1
1,1,1,1,0,0,1,1,1,0,1,1,1,0,0,1,0,0,1,1,0,0,0,0,0,0,1
1,1,1,0,0,0,0,1,0,1,1,0,0,1,1,0,1,1,1,1,0,1,1,1,1,1,1
1,0,0,0,0,1,0,0,0,0,1,0,1,1,0,0,1,1,1,0,0,0,0,1,1,1,1
0,1,1,0,0,1,0,1,1,1,1,0,1,1,1,0,0,1,1,1,0,1,0,1,1,0,1
1,1,1,0,1,1,0,1,1,0,1,1,1,1,1,1,0,0,0,0,1,0,0,1,0,0,1
0,1,1,0,0,0,1,1,1,0,0,1,1,1,0,1,1,1,1,1,1,1,0,1,1,0,1
1,1,1,1,0,0,0,1,1,0,0,1,1,0,0,0,0,0,0,0,1,0,0,0,0,1,1
1,1,1,0,1,1,0,1,0,1,1,1,1,1,0,0,0,0,1,1,1,1,0,1,0,0,1
0,1,1,1,0,0,0,1,1,0,1,1,0,0,0,0,0,1,0,1,1,1,0,0,0,0,1
1,1,1,1,1,0,0,1,1,0,0,1,1,0,0,1,1,0,0,1,1,1,0,0,0,0,1
0,0,1,0,0,1,1,0,0,1,1,0,1,1,1,0,1,1,1,0,0,0,1,1,1,0,0
0,0,1,0,0,0,0,1,1,0,1,1,1,1,0,0,1,1,0,0,1,1,0,1,0,0,1
0,1,1,0,0,0,0,0,0,1,1,1,1,1,0,0,1,1,1,1,0,0,1,1,1,0,0
0,0,0,0,0,1,1,1,0,0,1,1,1,1,1,1,1,1,0,0,0,0,0,1,1,1,1
0,1,1,1,0,0,0,1,1,0,0,1,1,1,1,1,0,1,1,1,1,1,0,0,0,0,1
0,1,1,0,0,0,1,1,0,1,0,0,0,1,1,1,1,1,1,1,1,1,1,1,1,0,0
0,1,1,1,0,0,1,1,1,0,0,0,0,1,1,1,1,0,1,1,1,1,1,0,0,0,0
0,0,1,0,0,1,1,1,0,1,1,0,1,1,1,1,1,1,1,1,0,1,1,1,1,0,0
0,0,1,0,0,1,0,1,1,1,1,1,1,1,0,0,1,1,1,1,1,0,0,1,0,0,1
0,1,1,1,0,0,1,1,1,0,0,1,0,0,1,1,1,1,1,1,1,1,0,1,0,0,1
1,1,1,1,0,0,0,1,1,0,0,1,0,0,1,1,0,0,1,1,1,1,0,0,0,0,1
1,0,0,0,1,1,0,1,1,0,1,1,1,1,0,0,0,1,0,0,1,0,0,1,0,1,1
1,0,0,0,0,1,0,0,0,1,1,1,1,1,0,0,0,1,1,0,0,0,0,1,1,1,1
0,0,0,0,0,0,1,1,0,1,1,0,0,1,1,0,1,1,1,1,1,1,0,1,1,1,1
0,1,1,0,0,0,0,1,1,0,0,0,0,1,1,1,1,0,1,1,1,1,1,1,0,0,1
0,1,1,0,0,0,1,1,1,0,0,0,0,1,1,1,1,1,1,1,1,1,1,1,0,0,0
1,1,1,1,1,0,0,1,1,0,1,1,0,0,0,1,1,0,1,1,1,1,0,1,0,0,1
1,1,1,1,0,0,0,1,1,0,0,0,0,0,1,0,0,0,1,1,1,1,0,0,0,0,1
0,0,0,0,0,1,1,1,0,1,1,1,1,1,1,0,1,1,1,0,0,0,1,1,1,1,1
0,0,1,1,0,0,0,1,1,0,0,0,1,1,1,0,1,1,1,1,0,1,1,1,1,0,1
1,0,0,0,0,1,0,0,0,1,1,1,1,1,0,0,1,1,1,0,0,0,0,1,1,1,1
0,0,0,0,0,1,1,0,0,1,1,1,1,1,1,0,1,1,1,0,0,0,0,1,1,1,1
1,1,0,0,0,0,0,1,1,0,0,1,0,0,1,1,1,1,0,1,1,0,0,1,0,0,1
0,1,1,1,0,0,0,1,1,0,0,0,1,0,0,1,1,0,1,1,1,1,0,0,0,0,1
0,1,1,0,0,0,1,1,0,0,0,0,0,1,1,1,1,1,1,1,1,1,1,1,0,0,1
0,1,1,0,0,0,0,1,1,0,1,1,1,1,0,0,0,0,1,1,1,1,0,1,0,0,1
0,0,1,0,0,0,1,1,0,0,0,0,0,0,0,0,1,1,1,1,1,1,0,0,0,0,1
1,0,0,0,1,0,1,1,1,0,1,1,0,1,1,1,0,0,1,1,1,1,0,1,1,0,1
0,1,1,0,0,0,1,1,1,1,0,0,0,0,1,1,1,1,1,1,1,1,1,1,0,0,0
0,1,1,0,0,0,1,1,0,0,0,1,0,0,0,1,1,1,1,1,1,1,0,1,1,0,0
0,0,1,0,0,1,1,1,0,1,1,0,1,1,1,1,1,1,1,1,0,1,1,1,1,0,0
1,1,0,0,0,0,0,1,1,0,1,1,1,0,0,0,0,0,1,1,1,0,0,1,0,1,1
0,0,0,0,0,1,1,1,0,1,1,1,1,1,1,0,1,1,1,0,0,1,1,1,1,1,1
1,1,1,0,0,1,0,1,1,1,1,0,1,1,1,0,0,1,1,1,0,0,0,1,1,1,1
0,1,1,0,0,0,1,1,1,0,1,0,1,1,1,1,0,0,1,1,0,0,0,1,0,0,1
0,1,1,1,0,0,0,0,1,0,0,0,0,1,1,1,1,1,0,1,1,1,0,1,1,0,1
0,0,1,0,0,0,1,1,0,1,1,0,1,1,1,1,0,0,1,1,1,1,1,1,1,1,1
0,0,1,0,0,1,1,0,0,1,1,0,1,1,1,1,1,1,1,1,0,1,1,1,1,0,0
1,1,0,0,0,0,0,0,0,0,1,1,1,1,0,0,1,1,0,0,1,0,0,1,1,1,1
1,1,1,1,0,0,0,1,1,0,1,1,0,0,0,1,1,1,0,1,1,1,0,0,0,0,1
1,0,0,0,0,1,0,1,0,0,1,1,1,1,0,0,1,1,1,1,0,0,0,1,1,1,1
0,0,1,0,0,0,0,1,1,0,0,0,0,1,1,1,1,1,0,0,1,1,0,1,1,0,0
0,1,1,1,0,0,1,1,1,0,0,0,0,0,1,0,1,1,1,1,1,1,0,0,0,0,1
0,1,1,0,0,0,1,1,1,0,1,0,0,1,1,1,1,1,1,1,0,1,1,1,0,0,1
1,1,1,0,1,1,0,0,1,0,1,1,1,1,0,1,1,1,0,0,0,1,0,1,1,1,1
0,1,1,1,0,0,1,1,1,0,0,1,0,0,1,1,1,0,1,1,1,1,1,0,1,0,0
1,1,0,1,1,0,0,1,1,0,1,1,1,1,0,0,0,0,0,1,1,0,0,1,0,1,1
0,0,0,0,0,0,0,1,0,1,1,0,1,1,1,0,1,1,1,0,0,0,0,1,1,0,0
0,0,0,0,0,0,0,1,1,1,1,0,1,1,1,1,1,1,1,0,0,0,0,1,1,1,1
1,1,0,0,1,1,0,0,0,0,1,1,1,1,0,0,0,0,0,0,0,0,0,1,1,1,1
1,1,1,1,1,0,0,1,1,0,0,1,0,0,0,1,0,0,0,1,1,1,0,0,0,0,1
0,1,1,0,0,0,1,1,1,0,0,0,0,1,1,1,1,0,1,1,1,1,1,1,0,0,0
0,1,1,0,0,0,1,1,0,1,0,0,0,1,1,1,1,1,1,1,0,1,1,1,0,0,0
1,1,0,0,1,1,0,0,1,0,1,1,1,1,0,0,0,0,0,0,1,1,0,0,0,0,1
0,1,1,1,0,0,0,1,1,0,1,1,1,1,1,0,0,0,1,1,0,1,0,1,1,0,1
0,0,0,0,0,1,0,0,0,1,1,1,1,1,0,0,1,1,1,0,0,0,0,1,1,1,1
1,1,0,0,0,0,0,0,0,0,1,1,1,1,0,0,1,1,1,1,1,1,1,1,1,0,1
0,1,1,0,0,0,1,1,0,0,0,0,0,1,1,1,1,1,1,1,0,1,1,1,0,0,0
1,0,0,0,0,1,0,0,0,1,1,1,1,1,0,0,0,1,0,0,0,1,0,1,1,1,1
1,1,1,1,0,0,1,1,1,0,0,1,0,0,1,1,1,0,0,1,1,1,0,1,0,0,1
0,0,1,0,0,0,1,1,1,0,0,0,0,1,1,1,0,0,1,1,1,1,0,1,0,0,1
1,1,1,0,0,0,0,1,1,0,1,1,1,1,0,1,1,1,0,1,1,1,0,0,0,0,1
0,1,1,1,0,0,0,1,0,0,0,0,0,1,1,1,1,1,1,1,1,1,0,1,0,0,1
1,0,0,0,1,1,0,1,0,1,1,1,1,1,0,0,0,1,1,0,0,0,0,1,1,1,1
0,0,0,0,0,0,1,1,0,1,1,0,1,1,1,1,1,1,1,1,0,1,1,1,1,0,0
0,0,0,0,1,1,0,0,0,0,1,1,1,1,0,0,0,1,0,0,0,1,0,1,1,1,1
0,0,1,0,1,1,0,1,0,0,0,0,1,1,1,0,1,1,1,1,0,0,0,1,1,0,0
0,0,0,0,0,1,0,0,0,1,1,1,1,1,1,0,1,1,1,0,0,0,0,1,1,1,1
0,0,0,0,0,0,0,0,0,1,1,1,1,1,0,0,0,1,1,0,0,0,0,1,1,1,1
0,1,1,0,0,0,0,1,1,0,0,1,0,0,0,1,1,0,0,1,1,0,0,1,0,0,1
0,1,1,0,0,0,0,1,1,1,1,1,1,1,0,1,0,0,1,1,1,1,1,1,0,0,1
0,0,1,0,0,0,1,0,0,1,1,0,1,1,1,1,1,1,1,1,0,1,1,1,1,0,0
1,1,1,0,1,1,0,1,1,0,0,1,1,0,0,1,0,0,1,0,1,1,0,1,0,0,1
0,0,0,0,0,0,0,1,1,0,1,1,1,1,0,0,0,1,1,0,1,0,0,1,1,0,0
0,0,1,0,0,1,1,1,0,0,1,1,1,1,1,0,1,1,1,1,0,0,0,1,1,0,0
1,1,0,0,0,1,0,0,1,0,1,1,1,1,0,0,0,0,0,0,1,0,0,0,0,1,1
0,1,1,0,0,0,0,1,1,1,0,0,0,1,1,0,1,1,1,1,0,1,1,1,1,0,0
1,0,0,0,0,1,1,1,0,1,1,1,1,1,1,1,1,1,1,0,0,0,0,1,1,1,0
0,1,1,0,0,1,0,1,1,1,1,1,1,1,1,1,1,1,1,0,0,0,0,1,1,1,1
0,1,1,1,0,0,1,1,1,0,0,0,0,0,1,1,1,0,1,1,1,1,1,0,0,0,0
0,0,1,0,0,1,1,1,0,1,1,0,1,1,1,1,1,1,1,1,0,1,1,1,1,1,1
0,1,1,0,0,0,1,1,0,1,1,0,1,1,1,1,0,0,1,0,0,1,0,1,1,0,0
0,1,1,1,0,0,1,1,1,0,1,1,1,1,1,1,1,1,1,1,1,1,0,0,0,0,1
0,1,1,1,1,0,1,1,1,0,0,1,0,1,1,1,0,0,0,0,1,1,0,0,0,0,1
0,0,1,0,0,0,0,0,0,1,1,0,1,1,1,0,1,1,1,0,0,1,1,1,1,0,1
0,1,1,1,0,0,1,1,1,1,1,1,0,0,1,1,1,1,1,1,1,1,0,0,0,0,1
1,1,1,0,1,1,0,1,1,0,1,1,1,1,1,1,0,0,1,1,1,1,0,1,0,0,1
1,1,0,0,1,1,0,0,1,0,1,1,1,1,0,0,0,1,1,1,1,0,0,1,1,1,1
0,0,0,0,0,1,1,0,0,1,1,1,1,1,0,0,0,1,1,0,0,0,0,1,1,1,1
0,0,1,0,0,0,1,1,0,1,0,0,0,1,1,1,1,1,1,1,1,1,1,1,1,0,0
1,0,0,0,0,1,0,1,0,1,1,0,1,1,0,1,1,1,1,0,0,0,0,1,1,1,1
0,0,1,0,0,0,1,1,0,1,1,0,0,1,1,1,1,1,1,1,0,1,0,1,1,0,0
1,1,1,1,1,0,0,1,1,0,1,1,0,0,0,0,0,0,0,1,1,1,0,0,0,0,1
1,0,0,0,0,1,0,0,0,0,1,1,1,1,0,0,0,1,1,0,0,0,0,1,1,1,1
0,1,1,0,0,0,1,0,0,1,1,1,1,1,1,1,1,1,1,0,0,0,0,1,1,1,1
1,1,0,0,0,1,0,1,1,0,1,1,1,1,0,1,0,0,0,0,1,0,0,1,0,1,1
0,0,1,0,0,1,1,1,0,1,1,0,0,1,1,1,1,1,1,1,0,1,1,1,1,0,0
0,0,1,0,0,0,0,1,1,0,0,0,1,1,1,1,1,1,1,1,1,1,0,1,1,0,1
1,1,1,0,0,0,1,1,1,1,1,0,1,1,1,1,1,1,1,1,1,1,0,1,0,0,1
0,1,1,0,0,0,1,1,0,1,1,0,1,1,0,0,1,1,1,1,1,1,1,1,1,0,1
0,1,1,0,0,0,0,1,1,1,1,1,0,1,1,1,1,0,1,1,1,1,0,1,0,0,0
0,1,1,0,0,0,1,1,0,0,0,0,0,1,1,1,0,0,1,1,1,1,1,1,1,0,0
0,0,1,0,0,0,1,1,0,1,0,0,0,1,1,1,1,1,1,1,0,1,1,1,1,0,0
0,0,0,0,1,1,0,1,1,0,1,1,1,1,0,0,0,1,0,0,0,0,0,1,1,1,1
0,0,0,0,0,0,0,1,0,1,1,0,1,1,1,1,1,1,1,0,0,1,1,1,1,1,1
0,1,1,0,0,0,1,1,1,0,1,0,0,1,1,1,1,1,1,1,1,1,1,1,0,0,0
0,1,1,0,0,0,0,1,0,0,1,0,0,1,1,1,1,1,1,1,0,1,1,1,1,0,1
1,1,1,1,1,0,0,1,1,0,1,1,1,0,0,0,0,0,0,1,1,1,0,0,0,0,1
1,1,0,0,1,1,0,1,1,0,1,1,1,0,0,0,0,1,0,0,1,0,0,0,0,1,1
0,0,0,0,0,1,0,1,0,1,1,1,1,1,1,1,0,0,1,0,0,0,0,1,1,1,1
1,0,0,0,0,0,1,1,0,0,1,1,1,1,1,0,0,0,1,1,1,1,0,1,1,0,0
1,1,1,1,1,1,0,1,1,0,1,1,1,0,0,1,1,1,1,1,1,1,0,0,0,1,1
1,1,1,1,1,0,0,1,1,0,1,1,1,0,0,1,0,0,1,1,1,1,0,0,0,0,1
0,0,1,0,0,1,1,1,0,0,0,0,0,1,1,0,1,1,1,1,0,1,1,1,1,0,0
0,1,1,0,0,0,1,1,0,0,0,1,0,1,1,1,1,1,1,1,0,0,1,1,1,0,1
0,1,1,1,0,0,1,1,0,0,0,1,0,1,1,0,1,1,0,0,1,1,0,0,0,0,1
1,1,1,0,0,0,0,1,1,0,0,0,1,1,0,1,1,1,1,1,1,1,0,1,0,0,1
1,1,1,0,0,0,1,1,0,0,0,0,1,1,1,0,0,0,0,0,1,1,0,1,0,0,1
1,1,1,1,1,0,0,1,1,0,1,1,1,1,1,1,1,1,0,1,1,0,0,0,0,1,1
1,1,0,1,1,0,0,1,1,0,1,1,1,1,0,0,0,0,0,0,1,0,0,1,0,1,1
0,0,1,0,0,1,1,1,0,0,0,0,0,0,1,1,0,0,1,1,0,1,1,1,0,0,0
